id;prj_appuis;nom_benef;prenom_benef;profession_benef;nb_usagers;contacts;longitude;latitude;date_remise_devis;date_debut_travaux;date_fin_travaux;rue;porte;cout_menage;subv_onea;subv_projet;autre_subv;toles;animateur;superviseur;controleur
1;Wooden interactive;Metrics;Industrial Investor National;Planner Associate Knoll;58059;whiteboard payment;63147;7175;2021-05-10T14:48:08;2021-05-11T10:13:16;2021-05-11T02:47:42;Global Product;orange Savings transmit;Handmade Product Phased;35505;43386;32032;30976;Money;Associate;North Research Table
2;Chief Money;Chicken;Glen Engineer;Metal;52298;Coordinator Table FTP;46980;14258;2021-05-11T10:08:59;2021-05-10T21:14:02;2021-05-10T16:19:43;Coordinator Regional invoice;Awesome;Account Ramp;42801;37039;40435;12794;Tuna RAM;Analyst Gold Georgia;National Bedfordshire Intranet
3;Guilder system Functionality;Turks;multi-byte microchip;Clothing;52324;Pre-emptive;16907;64050;2021-05-11T10:18:23;2021-05-10T22:48:51;2021-05-10T18:18:57;Frozen Forward;bluetooth intuitive Customer;Arizona Borders Awesome;859;70066;19700;4833;navigating Car;calculate;Integrated
4;Practical;structure efficient discrete;parsing Djibouti;Cotton;71092;Practical;43861;9223;2021-05-11T01:45:35;2021-05-10T12:05:16;2021-05-10T22:23:25;Response Account value-added;Bedfordshire;collaborative IB instruction;53534;20045;46437;76478;invoice;partnerships sky unleash;Iowa
5;synthesize global protocol;Games integrated payment;pixel;Islands View Savings;76907;XSS scale Gorgeous;91746;17564;2021-05-11T02:10:04;2021-05-11T03:55:31;2021-05-10T23:34:22;Compatible Berkshire Vista;Mauritius Planner;portals 1080p 1080p;16028;28008;30088;46747;Baby Rial grow;transition;grey Intelligent Plaza
6;Directives Buckinghamshire Solutions;THX;transmit Awesome;users methodologies;15921;tolerance out-of-the-box;34301;83279;2021-05-10T13:20:02;2021-05-11T05:58:24;2021-05-10T15:12:11;driver program;Euro client-server Intelligent;bypassing loyalty;2803;83988;46931;55237;Dram ivory real-time;override;calculate
7;tan withdrawal;Vermont;Garden Valley SMTP;encoding Toys parse;45338;Towels Federation Cambridgeshire;4130;93633;2021-05-10T17:32:35;2021-05-11T04:28:25;2021-05-10T14:23:30;index Jersey Buckinghamshire;application Generic;Place wireless Direct;1046;74628;73864;19383;generation Buckinghamshire iterate;vortals Health;Utah
8;revolutionary e-tailers COM;Music bandwidth;deploy Computers Malagasy;transmit Station olive;78301;Savings Locks compress;14268;12084;2021-05-11T08:46:04;2021-05-10T18:49:00;2021-05-11T00:08:33;Decentralized Soft Account;Generic;calculating context-sensitive payment;58615;8209;52641;90361;primary;systematic Engineer Ball;Mexico Virginia
9;Accounts Factors value-added;recontextualize;Cotton Pants Refined;cross-platform;15284;drive Bedfordshire;33491;57741;2021-05-10T18:43:50;2021-05-10T20:44:07;2021-05-11T05:40:57;Bedfordshire mobile;Sausages olive;Highway parsing Shirt;8179;42162;33183;71168;Awesome;grid-enabled;Assurance
10;cutting-edge standardization;Market Chair;Handcrafted;back-end deposit;51708;Frozen Clothing bandwidth;49464;94959;2021-05-11T03:39:36;2021-05-11T10:36:52;2021-05-10T11:31:24;users Wooden Rustic;user-facing Dynamic Avon;Sleek;38566;52485;46460;70819;Global Account;Salad Interactions neural;functionalities architecture card
